algorithm,case,dsc
A1,img_001,0.9972
A1,img_002,0.9871
A1,img_003,1.0
A1,img_004,0.6506
A1,img_005,0.6175
A1,img_006,0.9931
A1,img_007,0.6308
A1,img_008,0.5987
A1,img_009,0.6116
A1,img_010,1.0
A1,img_011,0.9839
A1,img_012,0.9785
A1,img_013,0.9903
A1,img_014,1.0
A1,img_015,0.5985
A1,img_016,0.5951
A1,img_017,0.9852
A1,img_018,0.9694
A1,img_019,0.6276
A1,img_020,0.6172
A1,img_021,0.9895
A1,img_022,0.637
A1,img_023,0.6105
A1,img_024,0.6386
A1,img_025,0.9993
A1,img_026,0.9969
A1,img_027,0.6356
A1,img_028,0.9873
A1,img_029,1.0
A1,img_030,0.9982
A1,img_031,0.6358
A1,img_032,0.9886
A1,img_033,0.6255
A1,img_034,1.0
A1,img_035,0.6093
A1,img_036,1.0
A1,img_037,0.9928
A1,img_038,0.604
A1,img_039,0.9786
A1,img_040,0.612
A1,img_041,0.9803
A1,img_042,0.6314
A1,img_043,1.0
A1,img_044,0.5997
A1,img_045,0.9851
A1,img_046,0.9936
A1,img_047,0.6347
A1,img_048,0.9979
A1,img_049,0.9749
A1,img_050,1.0
A1,img_051,0.5881
A1,img_052,0.6154
A1,img_053,0.5869
A1,img_054,0.9953
A1,img_055,0.6312
A1,img_056,0.9827
A1,img_057,0.6258
A1,img_058,0.63
A1,img_059,0.9808
A1,img_060,0.6094
A1,img_061,0.6217
A1,img_062,1.0
A1,img_063,1.0
A1,img_064,0.6442
A1,img_065,0.6354
A1,img_066,0.9826
A1,img_067,0.9949
A1,img_068,1.0
A1,img_069,0.6112
A1,img_070,0.6034
A1,img_071,0.5838
A1,img_072,0.6111
A1,img_073,0.9803
A1,img_074,0.641
A1,img_075,0.5712
A1,img_076,0.6115
A1,img_077,0.5901
A1,img_078,0.9988
A1,img_079,0.9931
A1,img_080,0.6084
A1,img_081,0.6229
A1,img_082,0.5778
A1,img_083,0.5962
A1,img_084,0.624
A1,img_085,0.6123
A1,img_086,0.9797
A1,img_087,0.9817
A1,img_088,0.6482
A1,img_089,0.6333
A1,img_090,1.0
A1,img_091,0.6388
A1,img_092,0.9776
A1,img_093,0.6072
A1,img_094,0.6236
A1,img_095,0.9774
A1,img_096,0.5984
A1,img_097,0.597
A1,img_098,0.9945
A1,img_099,0.5874
A1,img_100,0.6105
A1,img_101,0.594
A1,img_102,0.6336
A1,img_103,0.599
A1,img_104,0.9892
A1,img_105,0.9976
A1,img_106,0.6363
A1,img_107,0.9828
A1,img_108,0.9879
A1,img_109,0.6272
A1,img_110,0.6574
A1,img_111,0.9831
A1,img_112,0.6203
A1,img_113,0.9944
A1,img_114,0.6082
A1,img_115,0.618
A1,img_116,0.6418
A1,img_117,1.0
A1,img_118,0.9842
A1,img_119,0.9996
A1,img_120,0.9903
A1,img_121,0.5768
A1,img_122,0.9843
A1,img_123,0.9972
A1,img_124,0.6303
A1,img_125,0.6482
A1,img_126,0.99
A1,img_127,0.6525
A1,img_128,0.9921
A1,img_129,1.0
A1,img_130,0.9904
A1,img_131,0.6378
A1,img_132,0.6161
A1,img_133,1.0
A1,img_134,0.6035
A1,img_135,1.0
A1,img_136,1.0
A1,img_137,0.9984
A1,img_138,0.9959
A1,img_139,0.6196
A1,img_140,0.6232
A1,img_141,0.9923
A1,img_142,0.5994
A1,img_143,0.6322
A1,img_144,0.6217
A1,img_145,0.9901
A1,img_146,0.6109
A1,img_147,0.6083
A1,img_148,0.9834
A1,img_149,0.9966
A1,img_150,0.6384
A1,img_151,0.6121
A1,img_152,0.5917
A1,img_153,0.5967
A1,img_154,0.6149
A1,img_155,0.9933
A1,img_156,0.603
A1,img_157,0.642
A1,img_158,0.6098
A1,img_159,1.0
A1,img_160,1.0
A1,img_161,0.596
A1,img_162,0.6093
A1,img_163,1.0
A1,img_164,0.6366
A1,img_165,0.5974
A1,img_166,0.9976
A1,img_167,0.6394
A1,img_168,0.6317
A1,img_169,0.6414
A1,img_170,0.989
A1,img_171,0.6131
A1,img_172,0.642
A1,img_173,0.6188
A1,img_174,1.0
A1,img_175,1.0
A1,img_176,1.0
A1,img_177,1.0
A1,img_178,0.6735
A1,img_179,0.5779
A1,img_180,0.6152
A1,img_181,0.6324
A1,img_182,0.6373
A1,img_183,0.6435
A1,img_184,0.5836
A1,img_185,0.6292
A1,img_186,0.6398
A1,img_187,0.9978
A1,img_188,0.632
A1,img_189,0.993
A1,img_190,0.6113
A1,img_191,1.0
A1,img_192,0.9971
A1,img_193,1.0
A1,img_194,0.9863
A1,img_195,0.6256
A1,img_196,0.6241
A1,img_197,0.9807
A1,img_198,0.9877
A1,img_199,0.9969
A1,img_200,0.6291
A2,img_001,0.7872
A2,img_002,0.3226
A2,img_003,0.8419
A2,img_004,0.8782
A2,img_005,0.8528
A2,img_006,0.7952
A2,img_007,0.805
A2,img_008,0.8301
A2,img_009,0.2515
A2,img_010,0.8228
A2,img_011,0.8526
A2,img_012,0.2217
A2,img_013,0.854
A2,img_014,0.8729
A2,img_015,0.8506
A2,img_016,0.1803
A2,img_017,0.8934
A2,img_018,0.8237
A2,img_019,0.8558
A2,img_020,0.2957
A2,img_021,0.3668
A2,img_022,0.305
A2,img_023,0.8721
A2,img_024,0.8559
A2,img_025,0.8518
A2,img_026,0.7932
A2,img_027,0.808
A2,img_028,0.8436
A2,img_029,0.8378
A2,img_030,0.8242
A2,img_031,0.3395
A2,img_032,0.8819
A2,img_033,0.7992
A2,img_034,0.3449
A2,img_035,0.7949
A2,img_036,0.8379
A2,img_037,0.864
A2,img_038,0.831
A2,img_039,0.8403
A2,img_040,0.8317
A2,img_041,0.7877
A2,img_042,0.8508
A2,img_043,0.3728
A2,img_044,0.8533
A2,img_045,0.7709
A2,img_046,0.8548
A2,img_047,0.8185
A2,img_048,0.2851
A2,img_049,0.8546
A2,img_050,0.8417
A2,img_051,0.8364
A2,img_052,0.8507
A2,img_053,0.7867
A2,img_054,0.8302
A2,img_055,0.8255
A2,img_056,0.3129
A2,img_057,0.8104
A2,img_058,0.8546
A2,img_059,0.866
A2,img_060,0.2731
A2,img_061,0.8657
A2,img_062,0.8165
A2,img_063,0.8625
A2,img_064,0.8171
A2,img_065,0.8405
A2,img_066,0.3233
A2,img_067,0.8464
A2,img_068,0.8485
A2,img_069,0.8421
A2,img_070,0.8616
A2,img_071,0.8791
A2,img_072,0.8477
A2,img_073,0.8788
A2,img_074,0.8664
A2,img_075,0.8532
A2,img_076,0.8851
A2,img_077,0.8183
A2,img_078,0.8314
A2,img_079,0.8366
A2,img_080,0.3782
A2,img_081,0.8274
A2,img_082,0.2904
A2,img_083,0.8074
A2,img_084,0.8053
A2,img_085,0.8399
A2,img_086,0.827
A2,img_087,0.8241
A2,img_088,0.8655
A2,img_089,0.8307
A2,img_090,0.8417
A2,img_091,0.8367
A2,img_092,0.8595
A2,img_093,0.8557
A2,img_094,0.882
A2,img_095,0.8581
A2,img_096,0.8682
A2,img_097,0.8444
A2,img_098,0.8377
A2,img_099,0.3172
A2,img_100,0.7952
A2,img_101,0.856
A2,img_102,0.2776
A2,img_103,0.2656
A2,img_104,0.8782
A2,img_105,0.8286
A2,img_106,0.8722
A2,img_107,0.8264
A2,img_108,0.8468
A2,img_109,0.8499
A2,img_110,0.8777
A2,img_111,0.8651
A2,img_112,0.8662
A2,img_113,0.8653
A2,img_114,0.8473
A2,img_115,0.8602
A2,img_116,0.849
A2,img_117,0.8234
A2,img_118,0.8542
A2,img_119,0.2779
A2,img_120,0.8605
A2,img_121,0.8716
A2,img_122,0.8348
A2,img_123,0.8598
A2,img_124,0.8453
A2,img_125,0.9032
A2,img_126,0.8717
A2,img_127,0.8684
A2,img_128,0.8365
A2,img_129,0.878
A2,img_130,0.8332
A2,img_131,0.222
A2,img_132,0.8244
A2,img_133,0.8379
A2,img_134,0.8079
A2,img_135,0.8251
A2,img_136,0.3319
A2,img_137,0.8808
A2,img_138,0.8373
A2,img_139,0.8467
A2,img_140,0.8299
A2,img_141,0.8433
A2,img_142,0.8969
A2,img_143,0.3574
A2,img_144,0.3334
A2,img_145,0.828
A2,img_146,0.8501
A2,img_147,0.836
A2,img_148,0.8854
A2,img_149,0.8336
A2,img_150,0.2556
A2,img_151,0.8938
A2,img_152,0.8537
A2,img_153,0.8542
A2,img_154,0.8661
A2,img_155,0.8413
A2,img_156,0.8081
A2,img_157,0.8519
A2,img_158,0.9055
A2,img_159,0.8076
A2,img_160,0.8352
A2,img_161,0.8126
A2,img_162,0.8097
A2,img_163,0.8335
A2,img_164,0.8553
A2,img_165,0.7992
A2,img_166,0.8583
A2,img_167,0.3814
A2,img_168,0.2529
A2,img_169,0.8563
A2,img_170,0.8407
A2,img_171,0.819
A2,img_172,0.2819
A2,img_173,0.3702
A2,img_174,0.8719
A2,img_175,0.8384
A2,img_176,0.8569
A2,img_177,0.87
A2,img_178,0.8565
A2,img_179,0.8509
A2,img_180,0.8239
A2,img_181,0.8055
A2,img_182,0.8496
A2,img_183,0.8137
A2,img_184,0.8473
A2,img_185,0.8717
A2,img_186,0.8499
A2,img_187,0.9099
A2,img_188,0.7934
A2,img_189,0.3066
A2,img_190,0.8726
A2,img_191,0.8412
A2,img_192,0.8049
A2,img_193,0.888
A2,img_194,0.8452
A2,img_195,0.858
A2,img_196,0.8209
A2,img_197,0.8674
A2,img_198,0.8589
A2,img_199,0.8637
A2,img_200,0.8537
A3,img_001,0.8512
A3,img_002,0.8699
A3,img_003,0.8409
A3,img_004,0.8009
A3,img_005,0.8168
A3,img_006,0.8454
A3,img_007,0.82
A3,img_008,0.8525
A3,img_009,0.7996
A3,img_010,0.813
A3,img_011,0.8615
A3,img_012,0.8253
A3,img_013,0.8349
A3,img_014,0.1821
A3,img_015,0.8236
A3,img_016,0.8688
A3,img_017,0.8336
A3,img_018,0.8442
A3,img_019,0.8247
A3,img_020,0.8258
A3,img_021,0.7859
A3,img_022,0.8318
A3,img_023,0.2777
A3,img_024,0.8073
A3,img_025,0.8313
A3,img_026,0.8572
A3,img_027,0.7785
A3,img_028,0.2968
A3,img_029,0.8464
A3,img_030,0.8362
A3,img_031,0.7968
A3,img_032,0.3162
A3,img_033,0.8361
A3,img_034,0.8463
A3,img_035,0.8488
A3,img_036,0.8341
A3,img_037,0.8219
A3,img_038,0.8283
A3,img_039,0.8532
A3,img_040,0.2309
A3,img_041,0.8221
A3,img_042,0.8345
A3,img_043,0.7804
A3,img_044,0.3216
A3,img_045,0.8304
A3,img_046,0.8499
A3,img_047,0.8709
A3,img_048,0.8043
A3,img_049,0.812
A3,img_050,0.8452
A3,img_051,0.8301
A3,img_052,0.8026
A3,img_053,0.864
A3,img_054,0.3284
A3,img_055,0.7959
A3,img_056,0.815
A3,img_057,0.8144
A3,img_058,0.8562
A3,img_059,0.8022
A3,img_060,0.797
A3,img_061,0.8421
A3,img_062,0.8019
A3,img_063,0.7939
A3,img_064,0.8311
A3,img_065,0.841
A3,img_066,0.2453
A3,img_067,0.8378
A3,img_068,0.8197
A3,img_069,0.8155
A3,img_070,0.8227
A3,img_071,0.7977
A3,img_072,0.829
A3,img_073,0.2939
A3,img_074,0.2748
A3,img_075,0.8141
A3,img_076,0.2619
A3,img_077,0.9045
A3,img_078,0.7688
A3,img_079,0.2794
A3,img_080,0.8563
A3,img_081,0.8409
A3,img_082,0.8483
A3,img_083,0.8217
A3,img_084,0.8335
A3,img_085,0.269
A3,img_086,0.8412
A3,img_087,0.8106
A3,img_088,0.8039
A3,img_089,0.2508
A3,img_090,0.8247
A3,img_091,0.8554
A3,img_092,0.817
A3,img_093,0.7965
A3,img_094,0.793
A3,img_095,0.8257
A3,img_096,0.8588
A3,img_097,0.8528
A3,img_098,0.8474
A3,img_099,0.832
A3,img_100,0.8699
A3,img_101,0.8271
A3,img_102,0.7979
A3,img_103,0.8135
A3,img_104,0.8021
A3,img_105,0.7946
A3,img_106,0.8189
A3,img_107,0.8406
A3,img_108,0.8027
A3,img_109,0.8054
A3,img_110,0.8265
A3,img_111,0.8226
A3,img_112,0.8124
A3,img_113,0.2129
A3,img_114,0.8435
A3,img_115,0.2079
A3,img_116,0.8195
A3,img_117,0.7995
A3,img_118,0.8237
A3,img_119,0.839
A3,img_120,0.2816
A3,img_121,0.7979
A3,img_122,0.7876
A3,img_123,0.823
A3,img_124,0.7582
A3,img_125,0.7992
A3,img_126,0.8006
A3,img_127,0.8157
A3,img_128,0.8726
A3,img_129,0.8199
A3,img_130,0.2296
A3,img_131,0.8515
A3,img_132,0.8607
A3,img_133,0.8506
A3,img_134,0.8189
A3,img_135,0.7994
A3,img_136,0.8696
A3,img_137,0.8329
A3,img_138,0.8166
A3,img_139,0.8253
A3,img_140,0.1854
A3,img_141,0.2842
A3,img_142,0.8253
A3,img_143,0.7924
A3,img_144,0.8448
A3,img_145,0.8348
A3,img_146,0.802
A3,img_147,0.7937
A3,img_148,0.2771
A3,img_149,0.7803
A3,img_150,0.767
A3,img_151,0.768
A3,img_152,0.8199
A3,img_153,0.2807
A3,img_154,0.8379
A3,img_155,0.85
A3,img_156,0.8261
A3,img_157,0.813
A3,img_158,0.7687
A3,img_159,0.8212
A3,img_160,0.8328
A3,img_161,0.8349
A3,img_162,0.8762
A3,img_163,0.8444
A3,img_164,0.8425
A3,img_165,0.3133
A3,img_166,0.867
A3,img_167,0.8321
A3,img_168,0.8609
A3,img_169,0.8093
A3,img_170,0.8175
A3,img_171,0.8314
A3,img_172,0.2555
A3,img_173,0.7965
A3,img_174,0.8208
A3,img_175,0.8265
A3,img_176,0.8062
A3,img_177,0.8682
A3,img_178,0.1832
A3,img_179,0.8275
A3,img_180,0.826
A3,img_181,0.8111
A3,img_182,0.2597
A3,img_183,0.8259
A3,img_184,0.8162
A3,img_185,0.7785
A3,img_186,0.8063
A3,img_187,0.8203
A3,img_188,0.3254
A3,img_189,0.7721
A3,img_190,0.3012
A3,img_191,0.8534
A3,img_192,0.2939
A3,img_193,0.8625
A3,img_194,0.859
A3,img_195,0.8387
A3,img_196,0.8547
A3,img_197,0.7991
A3,img_198,0.7845
A3,img_199,0.8312
A3,img_200,0.2832
A4,img_001,0.8418
A4,img_002,0.8192
A4,img_003,0.7694
A4,img_004,0.3842
A4,img_005,0.8081
A4,img_006,0.7643
A4,img_007,0.7968
A4,img_008,0.802
A4,img_009,0.7631
A4,img_010,0.2922
A4,img_011,0.7968
A4,img_012,0.7882
A4,img_013,0.823
A4,img_014,0.8104
A4,img_015,0.7587
A4,img_016,0.2733
A4,img_017,0.8081
A4,img_018,0.8051
A4,img_019,0.79
A4,img_020,0.2325
A4,img_021,0.8389
A4,img_022,0.2953
A4,img_023,0.7941
A4,img_024,0.7991
A4,img_025,0.7935
A4,img_026,0.8257
A4,img_027,0.7763
A4,img_028,0.8359
A4,img_029,0.8066
A4,img_030,0.7853
A4,img_031,0.7792
A4,img_032,0.2243
A4,img_033,0.2581
A4,img_034,0.8235
A4,img_035,0.8001
A4,img_036,0.7764
A4,img_037,0.2898
A4,img_038,0.8054
A4,img_039,0.818
A4,img_040,0.2826
A4,img_041,0.7977
A4,img_042,0.4078
A4,img_043,0.2516
A4,img_044,0.7418
A4,img_045,0.7396
A4,img_046,0.7913
A4,img_047,0.8015
A4,img_048,0.7782
A4,img_049,0.8292
A4,img_050,0.3817
A4,img_051,0.8423
A4,img_052,0.8061
A4,img_053,0.4255
A4,img_054,0.8086
A4,img_055,0.8173
A4,img_056,0.7792
A4,img_057,0.7974
A4,img_058,0.8302
A4,img_059,0.8183
A4,img_060,0.8486
A4,img_061,0.7721
A4,img_062,0.3413
A4,img_063,0.7753
A4,img_064,0.7892
A4,img_065,0.8484
A4,img_066,0.8566
A4,img_067,0.3164
A4,img_068,0.8173
A4,img_069,0.8496
A4,img_070,0.7871
A4,img_071,0.8236
A4,img_072,0.3231
A4,img_073,0.4064
A4,img_074,0.826
A4,img_075,0.2274
A4,img_076,0.8083
A4,img_077,0.8083
A4,img_078,0.7981
A4,img_079,0.8083
A4,img_080,0.7572
A4,img_081,0.3082
A4,img_082,0.7744
A4,img_083,0.8437
A4,img_084,0.8591
A4,img_085,0.7995
A4,img_086,0.7941
A4,img_087,0.2994
A4,img_088,0.805
A4,img_089,0.3348
A4,img_090,0.8342
A4,img_091,0.8023
A4,img_092,0.7887
A4,img_093,0.8181
A4,img_094,0.8145
A4,img_095,0.7979
A4,img_096,0.7874
A4,img_097,0.8342
A4,img_098,0.8356
A4,img_099,0.826
A4,img_100,0.3554
A4,img_101,0.7751
A4,img_102,0.8053
A4,img_103,0.7883
A4,img_104,0.7705
A4,img_105,0.8069
A4,img_106,0.7478
A4,img_107,0.8406
A4,img_108,0.7857
A4,img_109,0.805
A4,img_110,0.7354
A4,img_111,0.2859
A4,img_112,0.7941
A4,img_113,0.249
A4,img_114,0.7971
A4,img_115,0.3488
A4,img_116,0.8061
A4,img_117,0.8213
A4,img_118,0.8441
A4,img_119,0.8152
A4,img_120,0.7969
A4,img_121,0.323
A4,img_122,0.8196
A4,img_123,0.8027
A4,img_124,0.8253
A4,img_125,0.2629
A4,img_126,0.8111
A4,img_127,0.8784
A4,img_128,0.8004
A4,img_129,0.8339
A4,img_130,0.7677
A4,img_131,0.7421
A4,img_132,0.8206
A4,img_133,0.7844
A4,img_134,0.7978
A4,img_135,0.7625
A4,img_136,0.2608
A4,img_137,0.7598
A4,img_138,0.8123
A4,img_139,0.8095
A4,img_140,0.3201
A4,img_141,0.2731
A4,img_142,0.7928
A4,img_143,0.8481
A4,img_144,0.8492
A4,img_145,0.7926
A4,img_146,0.7942
A4,img_147,0.745
A4,img_148,0.2944
A4,img_149,0.7637
A4,img_150,0.7736
A4,img_151,0.2642
A4,img_152,0.2608
A4,img_153,0.7754
A4,img_154,0.7716
A4,img_155,0.8105
A4,img_156,0.3337
A4,img_157,0.212
A4,img_158,0.7825
A4,img_159,0.7989
A4,img_160,0.8156
A4,img_161,0.7776
A4,img_162,0.8069
A4,img_163,0.7728
A4,img_164,0.3201
A4,img_165,0.8893
A4,img_166,0.839
A4,img_167,0.8246
A4,img_168,0.8032
A4,img_169,0.347
A4,img_170,0.8364
A4,img_171,0.8049
A4,img_172,0.7949
A4,img_173,0.7704
A4,img_174,0.8288
A4,img_175,0.8185
A4,img_176,0.8074
A4,img_177,0.8051
A4,img_178,0.8234
A4,img_179,0.8492
A4,img_180,0.8581
A4,img_181,0.839
A4,img_182,0.8465
A4,img_183,0.8198
A4,img_184,0.8446
A4,img_185,0.7821
A4,img_186,0.8346
A4,img_187,0.2273
A4,img_188,0.7967
A4,img_189,0.7889
A4,img_190,0.7812
A4,img_191,0.8005
A4,img_192,0.8259
A4,img_193,0.256
A4,img_194,0.8524
A4,img_195,0.8118
A4,img_196,0.7315
A4,img_197,0.2418
A4,img_198,0.8787
A4,img_199,0.8132
A4,img_200,0.8187
A5,img_001,0.3196
A5,img_002,0.8716
A5,img_003,0.8668
A5,img_004,0.8953
A5,img_005,0.8875
A5,img_006,0.3276
A5,img_007,0.384
A5,img_008,0.8672
A5,img_009,0.405
A5,img_010,0.8753
A5,img_011,0.8585
A5,img_012,0.8525
A5,img_013,0.3157
A5,img_014,0.848
A5,img_015,0.8617
A5,img_016,0.8656
A5,img_017,0.8629
A5,img_018,0.2372
A5,img_019,0.8393
A5,img_020,0.8761
A5,img_021,0.8743
A5,img_022,0.8902
A5,img_023,0.8336
A5,img_024,0.8849
A5,img_025,0.8716
A5,img_026,0.8887
A5,img_027,0.8742
A5,img_028,0.3518
A5,img_029,0.8077
A5,img_030,0.2236
A5,img_031,0.8198
A5,img_032,0.3067
A5,img_033,0.8414
A5,img_034,0.8647
A5,img_035,0.8517
A5,img_036,0.9069
A5,img_037,0.8833
A5,img_038,0.2858
A5,img_039,0.8781
A5,img_040,0.89
A5,img_041,0.2907
A5,img_042,0.8717
A5,img_043,0.3373
A5,img_044,0.8571
A5,img_045,0.2438
A5,img_046,0.4134
A5,img_047,0.8527
A5,img_048,0.8464
A5,img_049,0.8568
A5,img_050,0.893
A5,img_051,0.8789
A5,img_052,0.8609
A5,img_053,0.8323
A5,img_054,0.8669
A5,img_055,0.9007
A5,img_056,0.8725
A5,img_057,0.842
A5,img_058,0.298
A5,img_059,0.8612
A5,img_060,0.8587
A5,img_061,0.8899
A5,img_062,0.8549
A5,img_063,0.83
A5,img_064,0.8572
A5,img_065,0.8731
A5,img_066,0.8765
A5,img_067,0.8607
A5,img_068,0.4022
A5,img_069,0.8826
A5,img_070,0.8686
A5,img_071,0.8347
A5,img_072,0.8815
A5,img_073,0.8479
A5,img_074,0.8742
A5,img_075,0.9096
A5,img_076,0.9033
A5,img_077,0.8685
A5,img_078,0.8617
A5,img_079,0.8525
A5,img_080,0.8771
A5,img_081,0.8763
A5,img_082,0.8562
A5,img_083,0.8799
A5,img_084,0.8531
A5,img_085,0.9115
A5,img_086,0.3893
A5,img_087,0.8488
A5,img_088,0.3242
A5,img_089,0.8752
A5,img_090,0.8697
A5,img_091,0.8945
A5,img_092,0.317
A5,img_093,0.3793
A5,img_094,0.3601
A5,img_095,0.8614
A5,img_096,0.3959
A5,img_097,0.8648
A5,img_098,0.8991
A5,img_099,0.8425
A5,img_100,0.4405
A5,img_101,0.8945
A5,img_102,0.8378
A5,img_103,0.8822
A5,img_104,0.8599
A5,img_105,0.3206
A5,img_106,0.2126
A5,img_107,0.8915
A5,img_108,0.8633
A5,img_109,0.2321
A5,img_110,0.3416
A5,img_111,0.8645
A5,img_112,0.8372
A5,img_113,0.8844
A5,img_114,0.8943
A5,img_115,0.8723
A5,img_116,0.8059
A5,img_117,0.874
A5,img_118,0.8552
A5,img_119,0.8916
A5,img_120,0.8728
A5,img_121,0.8658
A5,img_122,0.8589
A5,img_123,0.8721
A5,img_124,0.8874
A5,img_125,0.364
A5,img_126,0.9022
A5,img_127,0.8476
A5,img_128,0.8433
A5,img_129,0.8645
A5,img_130,0.2201
A5,img_131,0.8627
A5,img_132,0.3184
A5,img_133,0.8579
A5,img_134,0.343
A5,img_135,0.8296
A5,img_136,0.8359
A5,img_137,0.8792
A5,img_138,0.8938
A5,img_139,0.8375
A5,img_140,0.8842
A5,img_141,0.8848
A5,img_142,0.8708
A5,img_143,0.8673
A5,img_144,0.8895
A5,img_145,0.8574
A5,img_146,0.2902
A5,img_147,0.3574
A5,img_148,0.8722
A5,img_149,0.8716
A5,img_150,0.4399
A5,img_151,0.8816
A5,img_152,0.2772
A5,img_153,0.3099
A5,img_154,0.8329
A5,img_155,0.347
A5,img_156,0.8276
A5,img_157,0.8708
A5,img_158,0.2603
A5,img_159,0.8468
A5,img_160,0.3171
A5,img_161,0.878
A5,img_162,0.3337
A5,img_163,0.8608
A5,img_164,0.8806
A5,img_165,0.8701
A5,img_166,0.8467
A5,img_167,0.8534
A5,img_168,0.3127
A5,img_169,0.8574
A5,img_170,0.8303
A5,img_171,0.8541
A5,img_172,0.2375
A5,img_173,0.2788
A5,img_174,0.1788
A5,img_175,0.8566
A5,img_176,0.8686
A5,img_177,0.8596
A5,img_178,0.8537
A5,img_179,0.8368
A5,img_180,0.8843
A5,img_181,0.3605
A5,img_182,0.8429
A5,img_183,0.2141
A5,img_184,0.9096
A5,img_185,0.8924
A5,img_186,0.8516
A5,img_187,0.3712
A5,img_188,0.8834
A5,img_189,0.8621
A5,img_190,0.8436
A5,img_191,0.8401
A5,img_192,0.8365
A5,img_193,0.8715
A5,img_194,0.8575
A5,img_195,0.2659
A5,img_196,0.911
A5,img_197,0.3762
A5,img_198,0.8505
A5,img_199,0.8585
A5,img_200,0.3603
A6,img_001,0.7938
A6,img_002,0.2785
A6,img_003,0.3773
A6,img_004,0.7451
A6,img_005,0.7926
A6,img_006,0.8052
A6,img_007,0.3235
A6,img_008,0.8092
A6,img_009,0.7822
A6,img_010,0.7703
A6,img_011,0.7912
A6,img_012,0.7596
A6,img_013,0.7942
A6,img_014,0.8477
A6,img_015,0.8043
A6,img_016,0.7903
A6,img_017,0.7929
A6,img_018,0.763
A6,img_019,0.7764
A6,img_020,0.3188
A6,img_021,0.7741
A6,img_022,0.7809
A6,img_023,0.7891
A6,img_024,0.7951
A6,img_025,0.8023
A6,img_026,0.7745
A6,img_027,0.2969
A6,img_028,0.7481
A6,img_029,0.8471
A6,img_030,0.7822
A6,img_031,0.8188
A6,img_032,0.7268
A6,img_033,0.7667
A6,img_034,0.7994
A6,img_035,0.7802
A6,img_036,0.2296
A6,img_037,0.8074
A6,img_038,0.8612
A6,img_039,0.7928
A6,img_040,0.8158
A6,img_041,0.3963
A6,img_042,0.7637
A6,img_043,0.8131
A6,img_044,0.781
A6,img_045,0.7752
A6,img_046,0.2815
A6,img_047,0.8101
A6,img_048,0.3047
A6,img_049,0.7783
A6,img_050,0.7989
A6,img_051,0.7668
A6,img_052,0.8153
A6,img_053,0.7767
A6,img_054,0.8238
A6,img_055,0.7496
A6,img_056,0.377
A6,img_057,0.7583
A6,img_058,0.8339
A6,img_059,0.8124
A6,img_060,0.3801
A6,img_061,0.7921
A6,img_062,0.8093
A6,img_063,0.7982
A6,img_064,0.8099
A6,img_065,0.7982
A6,img_066,0.7866
A6,img_067,0.8743
A6,img_068,0.7802
A6,img_069,0.3527
A6,img_070,0.2743
A6,img_071,0.7922
A6,img_072,0.7711
A6,img_073,0.8207
A6,img_074,0.8106
A6,img_075,0.7511
A6,img_076,0.7971
A6,img_077,0.7843
A6,img_078,0.773
A6,img_079,0.3149
A6,img_080,0.7169
A6,img_081,0.8174
A6,img_082,0.2279
A6,img_083,0.7714
A6,img_084,0.7562
A6,img_085,0.3253
A6,img_086,0.4184
A6,img_087,0.823
A6,img_088,0.8236
A6,img_089,0.3963
A6,img_090,0.8024
A6,img_091,0.7898
A6,img_092,0.7618
A6,img_093,0.7535
A6,img_094,0.8264
A6,img_095,0.7929
A6,img_096,0.2815
A6,img_097,0.3761
A6,img_098,0.8164
A6,img_099,0.8368
A6,img_100,0.7625
A6,img_101,0.7636
A6,img_102,0.858
A6,img_103,0.7547
A6,img_104,0.7922
A6,img_105,0.7217
A6,img_106,0.3547
A6,img_107,0.3307
A6,img_108,0.353
A6,img_109,0.7752
A6,img_110,0.7917
A6,img_111,0.7584
A6,img_112,0.4182
A6,img_113,0.8412
A6,img_114,0.7344
A6,img_115,0.818
A6,img_116,0.2632
A6,img_117,0.8143
A6,img_118,0.7777
A6,img_119,0.8214
A6,img_120,0.7836
A6,img_121,0.776
A6,img_122,0.8343
A6,img_123,0.7961
A6,img_124,0.3061
A6,img_125,0.3764
A6,img_126,0.3486
A6,img_127,0.351
A6,img_128,0.3196
A6,img_129,0.3559
A6,img_130,0.4395
A6,img_131,0.3799
A6,img_132,0.8267
A6,img_133,0.8045
A6,img_134,0.7911
A6,img_135,0.7422
A6,img_136,0.8082
A6,img_137,0.7202
A6,img_138,0.4177
A6,img_139,0.799
A6,img_140,0.7761
A6,img_141,0.3456
A6,img_142,0.7856
A6,img_143,0.3285
A6,img_144,0.3699
A6,img_145,0.7857
A6,img_146,0.2506
A6,img_147,0.7507
A6,img_148,0.2394
A6,img_149,0.2541
A6,img_150,0.7765
A6,img_151,0.7933
A6,img_152,0.7725
A6,img_153,0.7851
A6,img_154,0.7314
A6,img_155,0.7898
A6,img_156,0.8343
A6,img_157,0.7963
A6,img_158,0.7724
A6,img_159,0.7832
A6,img_160,0.7565
A6,img_161,0.7741
A6,img_162,0.8033
A6,img_163,0.8233
A6,img_164,0.3616
A6,img_165,0.7873
A6,img_166,0.8089
A6,img_167,0.8205
A6,img_168,0.79
A6,img_169,0.7467
A6,img_170,0.7564
A6,img_171,0.388
A6,img_172,0.7978
A6,img_173,0.8168
A6,img_174,0.7727
A6,img_175,0.3019
A6,img_176,0.7605
A6,img_177,0.7726
A6,img_178,0.7966
A6,img_179,0.7324
A6,img_180,0.7379
A6,img_181,0.3091
A6,img_182,0.7668
A6,img_183,0.8102
A6,img_184,0.7654
A6,img_185,0.7489
A6,img_186,0.3418
A6,img_187,0.7888
A6,img_188,0.8413
A6,img_189,0.3661
A6,img_190,0.7506
A6,img_191,0.7731
A6,img_192,0.2775
A6,img_193,0.2803
A6,img_194,0.2214
A6,img_195,0.7591
A6,img_196,0.7402
A6,img_197,0.7308
A6,img_198,0.3974
A6,img_199,0.7701
A6,img_200,0.7498
A7,img_001,0.2574
A7,img_002,0.807
A7,img_003,0.8072
A7,img_004,0.4188
A7,img_005,0.3276
A7,img_006,0.8012
A7,img_007,0.8128
A7,img_008,0.755
A7,img_009,0.7636
A7,img_010,0.3527
A7,img_011,0.8096
A7,img_012,0.3608
A7,img_013,0.3157
A7,img_014,0.7672
A7,img_015,0.3631
A7,img_016,0.8618
A7,img_017,0.768
A7,img_018,0.8258
A7,img_019,0.8022
A7,img_020,0.4375
A7,img_021,0.7518
A7,img_022,0.8138
A7,img_023,0.747
A7,img_024,0.7166
A7,img_025,0.7868
A7,img_026,0.787
A7,img_027,0.7627
A7,img_028,0.7935
A7,img_029,0.4667
A7,img_030,0.7838
A7,img_031,0.829
A7,img_032,0.3541
A7,img_033,0.8037
A7,img_034,0.7933
A7,img_035,0.7778
A7,img_036,0.735
A7,img_037,0.7045
A7,img_038,0.3652
A7,img_039,0.7417
A7,img_040,0.7836
A7,img_041,0.807
A7,img_042,0.7916
A7,img_043,0.3124
A7,img_044,0.7617
A7,img_045,0.782
A7,img_046,0.8075
A7,img_047,0.7819
A7,img_048,0.748
A7,img_049,0.2483
A7,img_050,0.287
A7,img_051,0.3704
A7,img_052,0.323
A7,img_053,0.7855
A7,img_054,0.3929
A7,img_055,0.8119
A7,img_056,0.3863
A7,img_057,0.7396
A7,img_058,0.3963
A7,img_059,0.3423
A7,img_060,0.7879
A7,img_061,0.7661
A7,img_062,0.7788
A7,img_063,0.8068
A7,img_064,0.8031
A7,img_065,0.7767
A7,img_066,0.3622
A7,img_067,0.2953
A7,img_068,0.8105
A7,img_069,0.7948
A7,img_070,0.8056
A7,img_071,0.2486
A7,img_072,0.2999
A7,img_073,0.7433
A7,img_074,0.7943
A7,img_075,0.789
A7,img_076,0.802
A7,img_077,0.7903
A7,img_078,0.3905
A7,img_079,0.7702
A7,img_080,0.7517
A7,img_081,0.3001
A7,img_082,0.7731
A7,img_083,0.3471
A7,img_084,0.7998
A7,img_085,0.7875
A7,img_086,0.4873
A7,img_087,0.7452
A7,img_088,0.7971
A7,img_089,0.7815
A7,img_090,0.4036
A7,img_091,0.7285
A7,img_092,0.88
A7,img_093,0.8471
A7,img_094,0.747
A7,img_095,0.308
A7,img_096,0.7912
A7,img_097,0.309
A7,img_098,0.7517
A7,img_099,0.7938
A7,img_100,0.7548
A7,img_101,0.7504
A7,img_102,0.801
A7,img_103,0.7533
A7,img_104,0.342
A7,img_105,0.8058
A7,img_106,0.4807
A7,img_107,0.4074
A7,img_108,0.7974
A7,img_109,0.8206
A7,img_110,0.7964
A7,img_111,0.7868
A7,img_112,0.7833
A7,img_113,0.294
A7,img_114,0.8031
A7,img_115,0.3112
A7,img_116,0.7913
A7,img_117,0.8241
A7,img_118,0.7824
A7,img_119,0.3608
A7,img_120,0.7589
A7,img_121,0.7521
A7,img_122,0.3326
A7,img_123,0.361
A7,img_124,0.8149
A7,img_125,0.3494
A7,img_126,0.7789
A7,img_127,0.7994
A7,img_128,0.3139
A7,img_129,0.7407
A7,img_130,0.8031
A7,img_131,0.7767
A7,img_132,0.3741
A7,img_133,0.7108
A7,img_134,0.8174
A7,img_135,0.7986
A7,img_136,0.8403
A7,img_137,0.2709
A7,img_138,0.7708
A7,img_139,0.3889
A7,img_140,0.7677
A7,img_141,0.6889
A7,img_142,0.8746
A7,img_143,0.3492
A7,img_144,0.7822
A7,img_145,0.7887
A7,img_146,0.3654
A7,img_147,0.7424
A7,img_148,0.758
A7,img_149,0.7452
A7,img_150,0.7627
A7,img_151,0.7308
A7,img_152,0.7937
A7,img_153,0.3801
A7,img_154,0.7834
A7,img_155,0.7638
A7,img_156,0.8123
A7,img_157,0.7294
A7,img_158,0.7709
A7,img_159,0.7896
A7,img_160,0.784
A7,img_161,0.5288
A7,img_162,0.2556
A7,img_163,0.3339
A7,img_164,0.3376
A7,img_165,0.752
A7,img_166,0.7317
A7,img_167,0.3319
A7,img_168,0.3967
A7,img_169,0.7692
A7,img_170,0.7974
A7,img_171,0.4348
A7,img_172,0.8255
A7,img_173,0.754
A7,img_174,0.4249
A7,img_175,0.7621
A7,img_176,0.7874
A7,img_177,0.7617
A7,img_178,0.7739
A7,img_179,0.7845
A7,img_180,0.7371
A7,img_181,0.3656
A7,img_182,0.834
A7,img_183,0.321
A7,img_184,0.7167
A7,img_185,0.7668
A7,img_186,0.8158
A7,img_187,0.7684
A7,img_188,0.8572
A7,img_189,0.3962
A7,img_190,0.3041
A7,img_191,0.8087
A7,img_192,0.72
A7,img_193,0.779
A7,img_194,0.7633
A7,img_195,0.7557
A7,img_196,0.7928
A7,img_197,0.3607
A7,img_198,0.7872
A7,img_199,0.7846
A7,img_200,0.8004
A8,img_001,0.8233
A8,img_002,0.8591
A8,img_003,0.7504
A8,img_004,0.2827
A8,img_005,0.7872
A8,img_006,0.3947
A8,img_007,0.7143
A8,img_008,0.3758
A8,img_009,0.7593
A8,img_010,0.7167
A8,img_011,0.7074
A8,img_012,0.4661
A8,img_013,0.4082
A8,img_014,0.7427
A8,img_015,0.7912
A8,img_016,0.6886
A8,img_017,0.3205
A8,img_018,0.4033
A8,img_019,0.7046
A8,img_020,0.7245
A8,img_021,0.7161
A8,img_022,0.4597
A8,img_023,0.7309
A8,img_024,0.2759
A8,img_025,0.7785
A8,img_026,0.719
A8,img_027,0.6766
A8,img_028,0.8159
A8,img_029,0.7367
A8,img_030,0.7157
A8,img_031,0.7662
A8,img_032,0.4133
A8,img_033,0.7331
A8,img_034,0.7636
A8,img_035,0.7219
A8,img_036,0.7549
A8,img_037,0.4809
A8,img_038,0.4064
A8,img_039,0.41
A8,img_040,0.7252
A8,img_041,0.7889
A8,img_042,0.4694
A8,img_043,0.7918
A8,img_044,0.4449
A8,img_045,0.8043
A8,img_046,0.2773
A8,img_047,0.6673
A8,img_048,0.7876
A8,img_049,0.7878
A8,img_050,0.7269
A8,img_051,0.391
A8,img_052,0.3311
A8,img_053,0.7855
A8,img_054,0.3874
A8,img_055,0.6737
A8,img_056,0.7438
A8,img_057,0.7308
A8,img_058,0.6906
A8,img_059,0.7856
A8,img_060,0.4045
A8,img_061,0.4869
A8,img_062,0.8279
A8,img_063,0.7438
A8,img_064,0.4272
A8,img_065,0.6941
A8,img_066,0.751
A8,img_067,0.7292
A8,img_068,0.4088
A8,img_069,0.7796
A8,img_070,0.7994
A8,img_071,0.7942
A8,img_072,0.7637
A8,img_073,0.3448
A8,img_074,0.7858
A8,img_075,0.7666
A8,img_076,0.6783
A8,img_077,0.7532
A8,img_078,0.6891
A8,img_079,0.7817
A8,img_080,0.8393
A8,img_081,0.7565
A8,img_082,0.2793
A8,img_083,0.7477
A8,img_084,0.3671
A8,img_085,0.7304
A8,img_086,0.7386
A8,img_087,0.4623
A8,img_088,0.6869
A8,img_089,0.4125
A8,img_090,0.4169
A8,img_091,0.7195
A8,img_092,0.4489
A8,img_093,0.8004
A8,img_094,0.7377
A8,img_095,0.7948
A8,img_096,0.4015
A8,img_097,0.7408
A8,img_098,0.3281
A8,img_099,0.7815
A8,img_100,0.8093
A8,img_101,0.3235
A8,img_102,0.817
A8,img_103,0.7025
A8,img_104,0.448
A8,img_105,0.4304
A8,img_106,0.254
A8,img_107,0.3828
A8,img_108,0.7336
A8,img_109,0.7336
A8,img_110,0.7376
A8,img_111,0.456
A8,img_112,0.7372
A8,img_113,0.7694
A8,img_114,0.7824
A8,img_115,0.7389
A8,img_116,0.3921
A8,img_117,0.7948
A8,img_118,0.818
A8,img_119,0.7986
A8,img_120,0.3672
A8,img_121,0.3735
A8,img_122,0.7832
A8,img_123,0.6619
A8,img_124,0.4209
A8,img_125,0.7556
A8,img_126,0.6806
A8,img_127,0.7586
A8,img_128,0.7198
A8,img_129,0.7204
A8,img_130,0.765
A8,img_131,0.7681
A8,img_132,0.7187
A8,img_133,0.3577
A8,img_134,0.7591
A8,img_135,0.2714
A8,img_136,0.7784
A8,img_137,0.3613
A8,img_138,0.7878
A8,img_139,0.8079
A8,img_140,0.7661
A8,img_141,0.7953
A8,img_142,0.3608
A8,img_143,0.7373
A8,img_144,0.4184
A8,img_145,0.8037
A8,img_146,0.7086
A8,img_147,0.4662
A8,img_148,0.3756
A8,img_149,0.7319
A8,img_150,0.3773
A8,img_151,0.7543
A8,img_152,0.8101
A8,img_153,0.8434
A8,img_154,0.7501
A8,img_155,0.7488
A8,img_156,0.272
A8,img_157,0.354
A8,img_158,0.6601
A8,img_159,0.7578
A8,img_160,0.7766
A8,img_161,0.5012
A8,img_162,0.6813
A8,img_163,0.759
A8,img_164,0.7778
A8,img_165,0.3475
A8,img_166,0.7744
A8,img_167,0.2549
A8,img_168,0.7498
A8,img_169,0.4381
A8,img_170,0.724
A8,img_171,0.4004
A8,img_172,0.3748
A8,img_173,0.4684
A8,img_174,0.7453
A8,img_175,0.7271
A8,img_176,0.7374
A8,img_177,0.7999
A8,img_178,0.3572
A8,img_179,0.3222
A8,img_180,0.4427
A8,img_181,0.8277
A8,img_182,0.7771
A8,img_183,0.3887
A8,img_184,0.7846
A8,img_185,0.7269
A8,img_186,0.7635
A8,img_187,0.7297
A8,img_188,0.4179
A8,img_189,0.74
A8,img_190,0.7366
A8,img_191,0.5164
A8,img_192,0.7536
A8,img_193,0.6973
A8,img_194,0.3695
A8,img_195,0.4936
A8,img_196,0.3807
A8,img_197,0.3508
A8,img_198,0.7961
A8,img_199,0.7674
A8,img_200,0.4029
A9,img_001,0.6888
A9,img_002,0.6934
A9,img_003,0.4499
A9,img_004,0.7469
A9,img_005,0.6689
A9,img_006,0.71
A9,img_007,0.7155
A9,img_008,0.7287
A9,img_009,0.5599
A9,img_010,0.696
A9,img_011,0.4635
A9,img_012,0.6828
A9,img_013,0.6568
A9,img_014,0.7054
A9,img_015,0.3736
A9,img_016,0.7392
A9,img_017,0.7156
A9,img_018,0.7389
A9,img_019,0.7229
A9,img_020,0.7189
A9,img_021,0.6931
A9,img_022,0.6702
A9,img_023,0.725
A9,img_024,0.7393
A9,img_025,0.4209
A9,img_026,0.7456
A9,img_027,0.7229
A9,img_028,0.6813
A9,img_029,0.7529
A9,img_030,0.7434
A9,img_031,0.6759
A9,img_032,0.7147
A9,img_033,0.7076
A9,img_034,0.7325
A9,img_035,0.6762
A9,img_036,0.7053
A9,img_037,0.7407
A9,img_038,0.6387
A9,img_039,0.6817
A9,img_040,0.673
A9,img_041,0.7313
A9,img_042,0.692
A9,img_043,0.4102
A9,img_044,0.5047
A9,img_045,0.6413
A9,img_046,0.7157
A9,img_047,0.6607
A9,img_048,0.6775
A9,img_049,0.6848
A9,img_050,0.6684
A9,img_051,0.6739
A9,img_052,0.6964
A9,img_053,0.7272
A9,img_054,0.6909
A9,img_055,0.6467
A9,img_056,0.791
A9,img_057,0.6903
A9,img_058,0.6594
A9,img_059,0.3982
A9,img_060,0.7356
A9,img_061,0.5113
A9,img_062,0.8121
A9,img_063,0.6484
A9,img_064,0.6751
A9,img_065,0.6911
A9,img_066,0.7113
A9,img_067,0.7314
A9,img_068,0.6863
A9,img_069,0.4164
A9,img_070,0.6764
A9,img_071,0.661
A9,img_072,0.6265
A9,img_073,0.6538
A9,img_074,0.7213
A9,img_075,0.69
A9,img_076,0.6511
A9,img_077,0.6807
A9,img_078,0.7091
A9,img_079,0.7655
A9,img_080,0.6719
A9,img_081,0.7277
A9,img_082,0.7049
A9,img_083,0.6912
A9,img_084,0.7073
A9,img_085,0.4255
A9,img_086,0.7166
A9,img_087,0.5633
A9,img_088,0.7198
A9,img_089,0.4525
A9,img_090,0.7094
A9,img_091,0.7029
A9,img_092,0.7568
A9,img_093,0.7389
A9,img_094,0.4714
A9,img_095,0.5667
A9,img_096,0.7416
A9,img_097,0.6991
A9,img_098,0.6706
A9,img_099,0.6959
A9,img_100,0.7724
A9,img_101,0.7585
A9,img_102,0.7253
A9,img_103,0.6862
A9,img_104,0.7088
A9,img_105,0.4178
A9,img_106,0.7694
A9,img_107,0.5186
A9,img_108,0.739
A9,img_109,0.7225
A9,img_110,0.6483
A9,img_111,0.7252
A9,img_112,0.6991
A9,img_113,0.7053
A9,img_114,0.7339
A9,img_115,0.7449
A9,img_116,0.7187
A9,img_117,0.6863
A9,img_118,0.7323
A9,img_119,0.6674
A9,img_120,0.6641
A9,img_121,0.6428
A9,img_122,0.7663
A9,img_123,0.6888
A9,img_124,0.6587
A9,img_125,0.5446
A9,img_126,0.7695
A9,img_127,0.7245
A9,img_128,0.7355
A9,img_129,0.7306
A9,img_130,0.7361
A9,img_131,0.7601
A9,img_132,0.7537
A9,img_133,0.7428
A9,img_134,0.7363
A9,img_135,0.7223
A9,img_136,0.6819
A9,img_137,0.6992
A9,img_138,0.6751
A9,img_139,0.686
A9,img_140,0.7012
A9,img_141,0.7012
A9,img_142,0.6869
A9,img_143,0.7319
A9,img_144,0.7435
A9,img_145,0.6996
A9,img_146,0.3774
A9,img_147,0.7312
A9,img_148,0.6833
A9,img_149,0.3159
A9,img_150,0.3888
A9,img_151,0.6807
A9,img_152,0.7923
A9,img_153,0.6696
A9,img_154,0.5087
A9,img_155,0.4067
A9,img_156,0.7131
A9,img_157,0.7246
A9,img_158,0.4103
A9,img_159,0.6886
A9,img_160,0.638
A9,img_161,0.709
A9,img_162,0.6536
A9,img_163,0.7551
A9,img_164,0.7654
A9,img_165,0.7083
A9,img_166,0.6776
A9,img_167,0.7185
A9,img_168,0.4547
A9,img_169,0.7313
A9,img_170,0.4512
A9,img_171,0.6845
A9,img_172,0.6733
A9,img_173,0.7135
A9,img_174,0.3781
A9,img_175,0.7286
A9,img_176,0.7423
A9,img_177,0.667
A9,img_178,0.7017
A9,img_179,0.3656
A9,img_180,0.7972
A9,img_181,0.6993
A9,img_182,0.6405
A9,img_183,0.7244
A9,img_184,0.6851
A9,img_185,0.6922
A9,img_186,0.7577
A9,img_187,0.6968
A9,img_188,0.703
A9,img_189,0.6893
A9,img_190,0.6863
A9,img_191,0.7009
A9,img_192,0.6759
A9,img_193,0.7274
A9,img_194,0.7041
A9,img_195,0.6825
A9,img_196,0.4985
A9,img_197,0.7345
A9,img_198,0.7251
A9,img_199,0.6631
A9,img_200,0.4826
A10,img_001,0.6463
A10,img_002,0.6408
A10,img_003,0.7098
A10,img_004,0.717
A10,img_005,0.7146
A10,img_006,0.7228
A10,img_007,0.6901
A10,img_008,0.6918
A10,img_009,0.6665
A10,img_010,0.6995
A10,img_011,0.6761
A10,img_012,0.6423
A10,img_013,0.7259
A10,img_014,0.703
A10,img_015,0.6544
A10,img_016,0.6882
A10,img_017,0.6255
A10,img_018,0.693
A10,img_019,0.7765
A10,img_020,0.759
A10,img_021,0.705
A10,img_022,0.7001
A10,img_023,0.7165
A10,img_024,0.6984
A10,img_025,0.7256
A10,img_026,0.6615
A10,img_027,0.6428
A10,img_028,0.698
A10,img_029,0.658
A10,img_030,0.7273
A10,img_031,0.7019
A10,img_032,0.6604
A10,img_033,0.696
A10,img_034,0.6914
A10,img_035,0.7029
A10,img_036,0.7046
A10,img_037,0.7466
A10,img_038,0.6493
A10,img_039,0.6897
A10,img_040,0.7018
A10,img_041,0.6875
A10,img_042,0.6878
A10,img_043,0.6716
A10,img_044,0.6667
A10,img_045,0.7192
A10,img_046,0.7091
A10,img_047,0.6853
A10,img_048,0.6447
A10,img_049,0.7091
A10,img_050,0.7312
A10,img_051,0.6859
A10,img_052,0.7115
A10,img_053,0.6914
A10,img_054,0.6745
A10,img_055,0.7017
A10,img_056,0.6798
A10,img_057,0.6651
A10,img_058,0.635
A10,img_059,0.6916
A10,img_060,0.6497
A10,img_061,0.7428
A10,img_062,0.6989
A10,img_063,0.7218
A10,img_064,0.6524
A10,img_065,0.6318
A10,img_066,0.7095
A10,img_067,0.6512
A10,img_068,0.6683
A10,img_069,0.6612
A10,img_070,0.727
A10,img_071,0.6421
A10,img_072,0.7172
A10,img_073,0.6626
A10,img_074,0.6834
A10,img_075,0.6541
A10,img_076,0.699
A10,img_077,0.7344
A10,img_078,0.6735
A10,img_079,0.6666
A10,img_080,0.6557
A10,img_081,0.7137
A10,img_082,0.7068
A10,img_083,0.6582
A10,img_084,0.7088
A10,img_085,0.7323
A10,img_086,0.7052
A10,img_087,0.6392
A10,img_088,0.677
A10,img_089,0.6717
A10,img_090,0.7091
A10,img_091,0.7399
A10,img_092,0.7343
A10,img_093,0.6593
A10,img_094,0.6682
A10,img_095,0.707
A10,img_096,0.6965
A10,img_097,0.7682
A10,img_098,0.639
A10,img_099,0.7284
A10,img_100,0.7202
A10,img_101,0.6484
A10,img_102,0.7242
A10,img_103,0.6789
A10,img_104,0.6884
A10,img_105,0.6946
A10,img_106,0.7627
A10,img_107,0.6667
A10,img_108,0.7251
A10,img_109,0.686
A10,img_110,0.6656
A10,img_111,0.6991
A10,img_112,0.6459
A10,img_113,0.7201
A10,img_114,0.6296
A10,img_115,0.6612
A10,img_116,0.6646
A10,img_117,0.6754
A10,img_118,0.6628
A10,img_119,0.6793
A10,img_120,0.7134
A10,img_121,0.6487
A10,img_122,0.6708
A10,img_123,0.7325
A10,img_124,0.7365
A10,img_125,0.678
A10,img_126,0.7142
A10,img_127,0.6717
A10,img_128,0.6885
A10,img_129,0.697
A10,img_130,0.6985
A10,img_131,0.7162
A10,img_132,0.729
A10,img_133,0.6808
A10,img_134,0.7522
A10,img_135,0.6605
A10,img_136,0.6878
A10,img_137,0.6602
A10,img_138,0.7238
A10,img_139,0.7141
A10,img_140,0.7173
A10,img_141,0.7268
A10,img_142,0.7272
A10,img_143,0.7302
A10,img_144,0.7267
A10,img_145,0.7605
A10,img_146,0.6989
A10,img_147,0.7107
A10,img_148,0.6775
A10,img_149,0.6982
A10,img_150,0.6506
A10,img_151,0.6737
A10,img_152,0.6743
A10,img_153,0.6973
A10,img_154,0.6674
A10,img_155,0.682
A10,img_156,0.7835
A10,img_157,0.6284
A10,img_158,0.7173
A10,img_159,0.7045
A10,img_160,0.7307
A10,img_161,0.693
A10,img_162,0.7119
A10,img_163,0.6583
A10,img_164,0.6687
A10,img_165,0.6503
A10,img_166,0.6965
A10,img_167,0.6376
A10,img_168,0.6693
A10,img_169,0.667
A10,img_170,0.6502
A10,img_171,0.6579
A10,img_172,0.6962
A10,img_173,0.7961
A10,img_174,0.7012
A10,img_175,0.7205
A10,img_176,0.6647
A10,img_177,0.7033
A10,img_178,0.673
A10,img_179,0.7539
A10,img_180,0.7159
A10,img_181,0.6734
A10,img_182,0.6444
A10,img_183,0.6954
A10,img_184,0.6439
A10,img_185,0.6555
A10,img_186,0.7159
A10,img_187,0.7333
A10,img_188,0.7204
A10,img_189,0.699
A10,img_190,0.7287
A10,img_191,0.7141
A10,img_192,0.6699
A10,img_193,0.7239
A10,img_194,0.7257
A10,img_195,0.6402
A10,img_196,0.6846
A10,img_197,0.7094
A10,img_198,0.7063
A10,img_199,0.66
A10,img_200,0.6828
